Name,Time
Mike Johnson,2025-06-29 04:12:38
Sarah Wilson,2025-07-12 12:56:38
Priya Sharma,2025-06-29 09:17:38
Carol Davis,2025-06-29 09:07:38
Carol Davis,2025-06-28 04:55:38
David Miller,2025-07-09 11:43:38
Emma Johnson,2025-07-09 09:53:38
Carol Davis,2025-07-12 10:46:38
Mike Johnson,2025-07-08 04:48:38
David Miller,2025-07-09 12:43:38
Sarah Wilson,2025-07-05 04:20:38
AMISHA,2025-06-29 04:38:38
Sarah Wilson,2025-07-05 11:39:38
ANSHU,2025-07-04 09:27:38
Rahul Kumar,2025-07-01 12:56:38
Emma Johnson,2025-07-05 08:19:38
Bob Wilson,2025-07-07 09:33:38
Jane Smith,2025-07-09 03:46:38
Bob Wilson,2025-07-07 05:37:38
Mike Johnson,2025-07-11 04:03:38
Mike Johnson,2025-07-01 08:06:38
Sarah Wilson,2025-06-28 09:19:38
John Doe,2025-07-12 06:51:38
Bob Wilson,2025-07-04 11:59:38
Sarah Wilson,2025-07-11 07:22:38
Carol Davis,2025-06-28 06:21:38
Sarah Wilson,2025-07-06 03:29:38
Priya Sharma,2025-07-11 04:20:38
Alice Cooper,2025-07-03 03:42:38
AMISHA,2025-07-01 13:47:38
Mike Johnson,2025-06-29 07:08:38
Amit Singh,2025-07-09 13:49:38
Sarah Wilson,2025-07-08 10:06:38
David Miller,2025-07-04 09:13:38
Bob Wilson,2025-07-10 06:23:38
Sarah Wilson,2025-07-05 09:48:38
John Doe,2025-07-07 09:27:38
Carol Davis,2025-07-10 04:06:38
Mike Johnson,2025-07-06 05:22:38
ANSHU,2025-07-01 07:39:38
Bob Wilson,2025-07-04 03:50:38
ANSHU,2025-06-27 10:53:38
ANSHU,2025-06-30 10:48:38
ANSHU,2025-07-08 05:07:38
Priya Sharma,2025-07-02 04:04:38
Sarah Wilson,2025-07-04 10:29:38
Sarah Wilson,2025-07-12 08:06:38
Jane Smith,2025-07-02 12:40:38
John Doe,2025-07-09 05:09:38
Emma Johnson,2025-06-28 08:15:38
