Time,Image
2025-07-05 12:53:38,unknown_person_1.jpg
2025-07-03 06:37:38,unknown_person_2.jpg
2025-07-07 13:43:38,unknown_person_3.jpg
2025-07-11 13:46:38,unknown_person_4.jpg
2025-07-11 04:54:38,unknown_person_5.jpg
2025-07-05 05:47:38,unknown_person_6.jpg
2025-07-03 13:29:38,unknown_person_7.jpg
2025-07-12 11:02:38,unknown_person_8.jpg
2025-07-10 05:49:38,unknown_person_9.jpg
2025-07-05 05:50:38,unknown_person_10.jpg
2025-07-08 14:24:38,unknown_person_11.jpg
2025-07-08 07:02:38,unknown_person_12.jpg
2025-07-10 12:15:38,unknown_person_13.jpg
2025-07-03 08:09:38,unknown_person_14.jpg
2025-07-10 12:34:38,unknown_person_15.jpg
2025-07-11 06:30:38,unknown_person_16.jpg
2025-07-05 07:16:38,unknown_person_17.jpg
2025-07-05 11:29:38,unknown_person_18.jpg
2025-07-11 12:00:38,unknown_person_19.jpg
2025-07-02 13:22:38,unknown_person_20.jpg
